"discount_bucket","num_orders","total_sales","total_profit","avg_profit_per_order","avg_sales_per_order"
"No Discount","13697",5158578.5,1307538.4,95.4607637152394,376.6150108077034
"0-10%","453",316679.12,65644.01,144.90946569170384,699.0707891771599
"11-20%","2762",1610174.6,241511.5,87.44085895259623,582.9741471587188
"21-30%","3030",1086389,87427.64,28.85400597821689,358.54368443544155
"31-40%","401",272277.75,-33488.105,-83.5114679419043,678.9965564437638
"41-50%","2767",749117.56,-265778.62,-96.05309908932013,270.7329606277485
"51-70%","1793",266071.25,-280603.16,-156.49921829921203,148.39456598478128
"Above 70%","132",17075.184,-32325.469,-244.88991203588066,129.35739358266196
